,access_time,bytes_in,bytes_out,source_ip,dest_ip,dest_port,country_code,fingerprint,dna
0,2024-04-25T23:00:00Z,5602.0,12990.0,147.161.161.82,10.138.69.97,443.0,AE,"From United Arab Emirates, at 11:00:PM, accessed port 443.0, sent more data out than recieved",02fa0b0a340123bed23cc706146946bd1175a6c7295d408aedaac40910f7ecdf
1,2024-04-25T23:00:00Z,30912.0,18186.0,165.225.33.6,10.138.69.97,443.0,US,"From United States, at 11:00:PM, accessed port 443.0, recieved more data in than sent out",856f711f6f4d6b800eeee46285089d8721ee969955e534dae6fad99968701728
2,2024-04-25T23:00:00Z,28506.0,13468.0,165.225.212.255,10.138.69.97,443.0,CA,"From Canada, at 11:00:PM, accessed port 443.0, recieved more data in than sent out",4e1fdb341d400351342110f48cf6546b68cf2b6bbeb733b539bc84e437502a43
3,2024-04-25T23:00:00Z,30546.0,14278.0,136.226.64.114,10.138.69.97,443.0,US,"From United States, at 11:00:PM, accessed port 443.0, recieved more data in than sent out",856f711f6f4d6b800eeee46285089d8721ee969955e534dae6fad99968701728
4,2024-04-25T23:00:00Z,6526.0,13892.0,165.225.240.79,10.138.69.97,443.0,NL,"From Netherlands, at 11:00:PM, accessed port 443.0, sent more data out than recieved",8972f47b92de3a118366ca53dc1fb3c8f616658da81e2401ac695cbfb881a8d1
5,2024-04-25T23:00:00Z,3906.0,3488.0,136.226.77.103,10.138.69.97,443.0,CA,"From Canada, at 11:00:PM, accessed port 443.0, recieved more data in than sent out",4e1fdb341d400351342110f48cf6546b68cf2b6bbeb733b539bc84e437502a43
6,2024-04-25T23:00:00Z,17748.0,29208.0,165.225.26.101,10.138.69.97,443.0,DE,"From Germany, at 11:00:PM, accessed port 443.0, sent more data out than recieved",56d76083f972488fa7824df7bbddee385fa5340b72fc4dccd73d79883ff6bb87
7,2024-04-25T23:00:00Z,4767917.0,291520.0,155.91.45.242,10.138.69.97,443.0,US,"From United States, at 11:00:PM, accessed port 443.0, recieved more data in than sent out",856f711f6f4d6b800eeee46285089d8721ee969955e534dae6fad99968701728
8,2024-04-25T23:00:00Z,10538.0,15514.0,165.225.209.4,10.138.69.97,443.0,CA,"From Canada, at 11:00:PM, accessed port 443.0, sent more data out than recieved",898cd2a4f94b8d06a0f4d5e561d9e86dcf5f1d626fb214a62071f0d7f9458da4
9,2024-04-25T23:00:00Z,9656.0,6380.0,147.161.131.1,10.138.69.97,443.0,AT,"From Austria, at 11:00:PM, accessed port 443.0, recieved more data in than sent out",2f941144891c7679a553afac16260631941c4de3d16c8ad142068c4b3869f4bc
10,2024-04-25T23:10:00Z,57208.0,32874.0,165.225.33.6,10.138.69.97,443.0,US,"From United States, at 11:10:PM, accessed port 443.0, recieved more data in than sent out",a469d902c6c1c1d9c14908e74bd3144bd3326d0f5de8a0ab6483d3b43831a195
11,2024-04-25T23:10:00Z,18162.0,30492.0,136.226.67.101,10.138.69.97,443.0,US,"From United States, at 11:10:PM, accessed port 443.0, sent more data out than recieved",7b41eeaaeb37f42e17cae0f2dade262b1e3408d3d66e304a7f2bd3c8d7bd8d6a
12,2024-04-25T23:10:00Z,28056.0,4832.0,165.225.212.255,10.138.69.97,443.0,CA,"From Canada, at 11:10:PM, accessed port 443.0, recieved more data in than sent out",584aa6c28127a7ccd7fa9015fccfb5e52fdb218c647e115aad68e7c6a9db540e
13,2024-04-25T23:10:00Z,73752.0,18924.0,136.226.64.114,10.138.69.97,443.0,US,"From United States, at 11:10:PM, accessed port 443.0, recieved more data in than sent out",a469d902c6c1c1d9c14908e74bd3144bd3326d0f5de8a0ab6483d3b43831a195
14,2024-04-25T23:10:00Z,4080.0,11282.0,94.188.248.74,10.138.69.97,443.0,IL,"From Israel, at 11:10:PM, accessed port 443.0, sent more data out than recieved",77c16c7d9eae53fc048cee1c19e71b2a0b53af1ed7da391bc160745b3176ddba
15,2024-04-25T23:10:00Z,1968903.0,38773.0,165.225.240.79,10.138.69.97,443.0,NL,"From Netherlands, at 11:10:PM, accessed port 443.0, recieved more data in than sent out",08b6048642fa863fe12d7f9863abdc81c0619ba7be34436fbd1cbdc4153b7466
16,2024-04-25T23:10:00Z,6958.0,12854.0,136.226.77.103,10.138.69.97,443.0,CA,"From Canada, at 11:10:PM, accessed port 443.0, sent more data out than recieved",dccead32ce1302d475504d0be91bf8f864fdb716a9f8cc86360d414ce0966f8c
17,2024-04-25T23:10:00Z,8310.0,6276.0,165.225.26.101,10.138.69.97,443.0,DE,"From Germany, at 11:10:PM, accessed port 443.0, recieved more data in than sent out",9f410dcac4b5eb31d4990fc1ecc8363ccc5f44fbe4a273cf298e635056e5c707
18,2024-04-25T23:10:00Z,4804723.0,291088.0,155.91.45.242,10.138.69.97,443.0,US,"From United States, at 11:10:PM, accessed port 443.0, recieved more data in than sent out",a469d902c6c1c1d9c14908e74bd3144bd3326d0f5de8a0ab6483d3b43831a195
19,2024-04-25T23:10:00Z,11820.0,24620.0,165.225.209.4,10.138.69.97,443.0,CA,"From Canada, at 11:10:PM, accessed port 443.0, sent more data out than recieved",dccead32ce1302d475504d0be91bf8f864fdb716a9f8cc86360d414ce0966f8c
20,2024-04-25T23:10:00Z,8206.0,6068.0,147.161.131.1,10.138.69.97,443.0,AT,"From Austria, at 11:10:PM, accessed port 443.0, recieved more data in than sent out",05a68f12db34a165a0275f87866808f044c86f6b598e5471ae7d49190df99abc
21,2024-04-25T23:20:00Z,29356.0,17408.0,165.225.33.6,10.138.69.97,443.0,US,"From United States, at 11:20:PM, accessed port 443.0, recieved more data in than sent out",026b8334c85198a851e5497887a75795df53b51913311b29c24f2d32da2512e5
22,2024-04-25T23:20:00Z,26178.0,33801.0,136.226.67.101,10.138.69.97,443.0,US,"From United States, at 11:20:PM, accessed port 443.0, sent more data out than recieved",870be20c2d0627cdbdff8df89d844270463bf96f36499ad3f15c287b4b3987e7
23,2024-04-25T23:20:00Z,29308.0,15652.0,165.225.213.7,10.138.69.97,443.0,CA,"From Canada, at 11:20:PM, accessed port 443.0, recieved more data in than sent out",b5c763c8d7b94cf7ffac84bc54482b609e59a2a0185170036b5b85f573ce3437
24,2024-04-25T23:20:00Z,60068.0,12628.0,136.226.64.114,10.138.69.97,443.0,US,"From United States, at 11:20:PM, accessed port 443.0, recieved more data in than sent out",026b8334c85198a851e5497887a75795df53b51913311b29c24f2d32da2512e5
25,2024-04-25T23:20:00Z,4043.0,7629.0,165.225.240.79,10.138.69.97,443.0,NL,"From Netherlands, at 11:20:PM, accessed port 443.0, sent more data out than recieved",29e5ed809b2dea76bd05ba7f14c4662cd1d2c6d31101ad8206734cf60016df2f
26,2024-04-25T23:20:00Z,3102.0,11038.0,165.225.8.79,10.138.69.97,443.0,US,"From United States, at 11:20:PM, accessed port 443.0, sent more data out than recieved",870be20c2d0627cdbdff8df89d844270463bf96f36499ad3f15c287b4b3987e7
27,2024-04-25T23:20:00Z,8310.0,6070.0,165.225.26.101,10.138.69.97,443.0,DE,"From Germany, at 11:20:PM, accessed port 443.0, recieved more data in than sent out",f256ec60ddf0ff5a052ba57e8ef425dbac53519e4a9db10cfe6f254d8e44673d
28,2024-04-25T23:20:00Z,5528.0,12010.0,165.225.209.4,10.138.69.97,443.0,CA,"From Canada, at 11:20:PM, accessed port 443.0, sent more data out than recieved",c0e4e5be5da9271180d06fae234e91c1dba7143b9445711e016ea77f9cfce35d
29,2024-04-25T23:20:00Z,4926.0,11570.0,147.161.131.1,10.138.69.97,443.0,AT,"From Austria, at 11:20:PM, accessed port 443.0, sent more data out than recieved",37a1b519c8747f707663726ac8138591e4c9b22f89ab31f4a9428239cae48cff
30,2024-04-25T23:20:00Z,7724.0,6288.0,136.226.80.97,10.138.69.97,443.0,US,"From United States, at 11:20:PM, accessed port 443.0, recieved more data in than sent out",026b8334c85198a851e5497887a75795df53b51913311b29c24f2d32da2512e5
31,2024-04-25T23:20:00Z,80.0,528.0,192.241.230.19,10.138.69.97,443.0,US,"From United States, at 11:20:PM, accessed port 443.0, sent more data out than recieved",870be20c2d0627cdbdff8df89d844270463bf96f36499ad3f15c287b4b3987e7
32,2024-04-25T23:30:00Z,23048.0,24124.0,136.226.67.101,10.138.69.97,443.0,US,"From United States, at 11:30:PM, accessed port 443.0, sent more data out than recieved",8115f09607e394900d206b319141ec7a72c49fd69f57f37645e30251c0e1a913
33,2024-04-25T23:30:00Z,28444.0,13468.0,165.225.212.255,10.138.69.97,443.0,CA,"From Canada, at 11:30:PM, accessed port 443.0, recieved more data in than sent out",d583cbb3b364fabfcc87282272d9b78d85304423f14f92f1fab1534ed034f6e6
34,2024-04-25T23:30:00Z,5824.0,11568.0,136.226.77.103,10.138.69.97,443.0,CA,"From Canada, at 11:30:PM, accessed port 443.0, sent more data out than recieved",c6dd579df740eda848a19d1579529f09b7ab4b45fe350b4c141908f9016e9309
35,2024-04-25T23:30:00Z,10474.0,23244.0,165.225.26.101,10.138.69.97,443.0,DE,"From Germany, at 11:30:PM, accessed port 443.0, sent more data out than recieved",d8455fc578378a174dd012b6a084900f0a237a77a42a50df26f9e1f970845ec1
36,2024-04-25T23:30:00Z,4190330.0,283456.0,155.91.45.242,10.138.69.97,443.0,US,"From United States, at 11:30:PM, accessed port 443.0, recieved more data in than sent out",c659c7726edbb82ac3e0a925d767792e35c98984155f5aef37c7f4b99d642cfb
37,2024-04-25T23:30:00Z,5080.0,11512.0,165.225.209.4,10.138.69.97,443.0,CA,"From Canada, at 11:30:PM, accessed port 443.0, sent more data out than recieved",c6dd579df740eda848a19d1579529f09b7ab4b45fe350b4c141908f9016e9309
38,2024-04-25T23:30:00Z,4220.0,11672.0,136.226.80.97,10.138.69.97,443.0,US,"From United States, at 11:30:PM, accessed port 443.0, sent more data out than recieved",8115f09607e394900d206b319141ec7a72c49fd69f57f37645e30251c0e1a913
39,2024-04-25T23:30:00Z,952.0,668.0,192.241.230.19,10.138.69.97,443.0,US,"From United States, at 11:30:PM, accessed port 443.0, recieved more data in than sent out",c659c7726edbb82ac3e0a925d767792e35c98984155f5aef37c7f4b99d642cfb
40,2024-04-25T23:40:00Z,36745.0,28952.0,165.225.33.6,10.138.69.97,443.0,US,"From United States, at 11:40:PM, accessed port 443.0, recieved more data in than sent out",76b6a7200b26487859d0ba141a3f0b78a935d216599163136b1785b1738ad8fd
41,2024-04-25T23:40:00Z,12068.0,25589.0,136.226.67.101,10.138.69.97,443.0,US,"From United States, at 11:40:PM, accessed port 443.0, sent more data out than recieved",41db6ff3ce036861ccee369ce2ddc8b5e1ec9b9d130cd6232d7fcdb4de0a73e4
42,2024-04-25T23:40:00Z,57462.0,20222.0,165.225.212.255,10.138.69.97,443.0,CA,"From Canada, at 11:40:PM, accessed port 443.0, recieved more data in than sent out",326c149dcda4e54bdfecb68edbb417f971c22a5b1f01812fa7e44ad64489a31f
43,2024-04-25T23:40:00Z,2015975.0,79990.0,165.225.240.79,10.138.69.97,443.0,NL,"From Netherlands, at 11:40:PM, accessed port 443.0, recieved more data in than sent out",13b99fac4121df960a178504c00192192948df8758b226020fffd2f9c83ce399
44,2024-04-25T23:40:00Z,4064.0,11384.0,94.188.248.74,10.138.69.97,443.0,IL,"From Israel, at 11:40:PM, accessed port 443.0, sent more data out than recieved",760c5394f0a42c3dd7add489acfc527d31999571bd0387407c74b9251409c82e
45,2024-04-25T23:40:00Z,33268.0,9986.0,136.226.77.103,10.138.69.97,443.0,CA,"From Canada, at 11:40:PM, accessed port 443.0, recieved more data in than sent out",326c149dcda4e54bdfecb68edbb417f971c22a5b1f01812fa7e44ad64489a31f
46,2024-04-25T23:40:00Z,7424.0,14656.0,165.225.26.101,10.138.69.97,443.0,DE,"From Germany, at 11:40:PM, accessed port 443.0, sent more data out than recieved",546e7d167f59cd3076f8a1ef45418382947d3064286cc7e35e41a3d9e545c803
47,2024-04-25T23:40:00Z,4758826.0,289956.0,155.91.45.242,10.138.69.97,443.0,US,"From United States, at 11:40:PM, accessed port 443.0, recieved more data in than sent out",76b6a7200b26487859d0ba141a3f0b78a935d216599163136b1785b1738ad8fd
48,2024-04-25T23:40:00Z,17736.0,36370.0,165.225.209.4,10.138.69.97,443.0,CA,"From Canada, at 11:40:PM, accessed port 443.0, sent more data out than recieved",219d44b1a9acb91a61cf84e80fb29c4d1c798b48ceb0127f53de60b75613a685
49,2024-04-25T23:50:00Z,60686.0,35910.0,165.225.33.6,10.138.69.97,443.0,US,"From United States, at 11:50:PM, accessed port 443.0, recieved more data in than sent out",fbcdcb9d1bf2c8df4944301a72851f421ef08d7127ab04048b1494afce4d72b8
50,2024-04-25T23:50:00Z,21698.0,21218.0,136.226.67.101,10.138.69.97,443.0,US,"From United States, at 11:50:PM, accessed port 443.0, recieved more data in than sent out",fbcdcb9d1bf2c8df4944301a72851f421ef08d7127ab04048b1494afce4d72b8
51,2024-04-25T23:50:00Z,28296.0,7230.0,165.225.213.7,10.138.69.97,443.0,CA,"From Canada, at 11:50:PM, accessed port 443.0, recieved more data in than sent out",2d807e9ef1bad247200792fc8d3b8397b209d57e4d981b16f38db6484d707387
52,2024-04-25T23:50:00Z,4721.0,8322.0,165.225.240.79,10.138.69.97,443.0,NL,"From Netherlands, at 11:50:PM, accessed port 443.0, sent more data out than recieved",c59759830055c8f885bf27b76f5b441133e7a03c279c092ddec394f2f247cbdc
53,2024-04-25T23:50:00Z,9968.0,6646.0,165.225.26.101,10.138.69.97,443.0,DE,"From Germany, at 11:50:PM, accessed port 443.0, recieved more data in than sent out",bfc746d4179d7ee9cc7dce8943ebee1eab65cdc97166320f9b40ddd9d40de72e
54,2024-04-25T23:50:00Z,4791678.0,291275.0,155.91.45.242,10.138.69.97,443.0,US,"From United States, at 11:50:PM, accessed port 443.0, recieved more data in than sent out",fbcdcb9d1bf2c8df4944301a72851f421ef08d7127ab04048b1494afce4d72b8
55,2024-04-25T23:50:00Z,10768.0,7248.0,165.225.209.4,10.138.69.97,443.0,CA,"From Canada, at 11:50:PM, accessed port 443.0, recieved more data in than sent out",2d807e9ef1bad247200792fc8d3b8397b209d57e4d981b16f38db6484d707387
56,2024-04-25T23:50:00Z,3996.0,11776.0,147.161.131.1,10.138.69.97,443.0,AT,"From Austria, at 11:50:PM, accessed port 443.0, sent more data out than recieved",4d3e17dda89acad166f4e0c684961e48ec461b13d775c705c2fb603e152426b8
57,2024-04-25T23:50:00Z,4220.0,11570.0,136.226.80.97,10.138.69.97,443.0,US,"From United States, at 11:50:PM, accessed port 443.0, sent more data out than recieved",18f37d4efec8a0753f3e43bc8907f406f3d720f1fccb80973014624ff89b26aa
58,2024-04-26T00:00:00Z,26354.0,13404.0,147.161.161.82,10.138.69.97,443.0,AE,"From United Arab Emirates, at 12:00:AM, accessed port 443.0, recieved more data in than sent out",d7833fff3e0cf7c44f1b973b984b0ec866eac198a29bc47ce33b63e9cc8914e3
59,2024-04-26T00:00:00Z,33777.0,20132.0,165.225.33.6,10.138.69.97,443.0,US,"From United States, at 12:00:AM, accessed port 443.0, recieved more data in than sent out",0d092853c621db51717c664726b452b75980f8f12e7f9fe1a1a3d027ab9fd4fa
60,2024-04-26T00:00:00Z,28762.0,43272.0,136.226.67.101,10.138.69.97,443.0,US,"From United States, at 12:00:AM, accessed port 443.0, sent more data out than recieved",0baf55f07bf157519c89d9771d4f6ea57c4203454d0170658f9289fd74d40807
61,2024-04-26T00:00:00Z,28478.0,13260.0,165.225.212.255,10.138.69.97,443.0,CA,"From Canada, at 12:00:AM, accessed port 443.0, recieved more data in than sent out",03b285acfa73436d206c2464beab0f2100c20e885a64a51bda53589f21a830e1
62,2024-04-26T00:00:00Z,4288.0,11490.0,94.188.248.74,10.138.69.97,443.0,IL,"From Israel, at 12:00:AM, accessed port 443.0, sent more data out than recieved",b08dc58f9117a6503013dbe29ab9359f08a41777ec2714d5c591e2e037dea5ac
63,2024-04-26T00:00:00Z,8874.0,14968.0,165.225.26.101,10.138.69.97,443.0,DE,"From Germany, at 12:00:AM, accessed port 443.0, sent more data out than recieved",fac33e03642e4bb7221148a1782cdf375ed251e84f145db8f3df97f06884099b
64,2024-04-26T00:00:00Z,4793434.0,292176.0,155.91.45.242,10.138.69.97,443.0,US,"From United States, at 12:00:AM, accessed port 443.0, recieved more data in than sent out",0d092853c621db51717c664726b452b75980f8f12e7f9fe1a1a3d027ab9fd4fa
65,2024-04-26T00:00:00Z,16948.0,20348.0,165.225.209.4,10.138.69.97,443.0,CA,"From Canada, at 12:00:AM, accessed port 443.0, sent more data out than recieved",5d84df6b63d8a0ed69182334d0cf5eaf7a6c345c190498d7d3e300f47483a8ee
66,2024-04-26T00:10:00Z,5810.0,13090.0,147.161.161.82,10.138.69.97,443.0,AE,"From United Arab Emirates, at 12:10:AM, accessed port 443.0, sent more data out than recieved",dc9578ce8b560ed310878f933aecda3f81a9d1c0d8b10f43bd91c8319cbc2293
67,2024-04-26T00:10:00Z,28730.0,28386.0,136.226.67.101,10.138.69.97,443.0,US,"From United States, at 12:10:AM, accessed port 443.0, recieved more data in than sent out",a760a1740d3ad7a95fa00af6a8b899299ad79b7c00468842a91e7cf8d1bcfabe
68,2024-04-26T00:10:00Z,29002.0,15654.0,165.225.213.7,10.138.69.97,443.0,CA,"From Canada, at 12:10:AM, accessed port 443.0, recieved more data in than sent out",afefb18e25186584f7729fa3e6438c8a620172c8ba15d5e6f96acadd44bdd39f
69,2024-04-26T00:10:00Z,44270.0,21924.0,136.226.64.114,10.138.69.97,443.0,US,"From United States, at 12:10:AM, accessed port 443.0, recieved more data in than sent out",a760a1740d3ad7a95fa00af6a8b899299ad79b7c00468842a91e7cf8d1bcfabe
70,2024-04-26T00:10:00Z,2019990.0,55292.0,165.225.240.79,10.138.69.97,443.0,NL,"From Netherlands, at 12:10:AM, accessed port 443.0, recieved more data in than sent out",b3b3070b6da739b46cd8fcf1d49a60d3195e726a454bba74b005405e1ab2004b
71,2024-04-26T00:10:00Z,3498.0,2800.0,94.188.248.74,10.138.69.97,443.0,IL,"From Israel, at 12:10:AM, accessed port 443.0, recieved more data in than sent out",d5f59c91030d8806ae70044e37895ab45068ba0e7014cf398d138aa7242c4515
72,2024-04-26T00:10:00Z,16698.0,26610.0,165.225.26.101,10.138.69.97,443.0,DE,"From Germany, at 12:10:AM, accessed port 443.0, sent more data out than recieved",b849fd9e2b1eb5f172e8a2eefab88319d34b55440de12413f95db77d4f72563e
73,2024-04-26T00:10:00Z,4794053.0,290955.0,155.91.45.242,10.138.69.97,443.0,US,"From United States, at 12:10:AM, accessed port 443.0, recieved more data in than sent out",a760a1740d3ad7a95fa00af6a8b899299ad79b7c00468842a91e7cf8d1bcfabe
74,2024-04-26T00:10:00Z,6606.0,12794.0,165.225.209.4,10.138.69.97,443.0,CA,"From Canada, at 12:10:AM, accessed port 443.0, sent more data out than recieved",30b9d5674b62a6cd9dd615521700be1d0f68f76c44d288095c74c55d7936f7f8
75,2024-04-26T00:10:00Z,9910.0,14760.0,147.161.131.1,10.138.69.97,443.0,AT,"From Austria, at 12:10:AM, accessed port 443.0, sent more data out than recieved",0160abeec7b93d5babe8bc3c7149d122edcb61086ade8929e4ef085286b16fbc
76,2024-04-26T00:20:00Z,26250.0,13404.0,147.161.161.82,10.138.69.97,443.0,AE,"From United Arab Emirates, at 12:20:AM, accessed port 443.0, recieved more data in than sent out",06fe21f604fbec3e4a9d977a1dfccd6a9282fc7ef14fefccfdd3fb9cefe387eb
77,2024-04-26T00:20:00Z,21448.0,32494.0,136.226.67.101,10.138.69.97,443.0,US,"From United States, at 12:20:AM, accessed port 443.0, sent more data out than recieved",7c288d37714d2164af6c5522ef1b7dc04ce3e81b6e04c453f6e148e6a0233d37
78,2024-04-26T00:20:00Z,28524.0,13364.0,165.225.212.255,10.138.69.97,443.0,CA,"From Canada, at 12:20:AM, accessed port 443.0, recieved more data in than sent out",3b252e335adf226c254259700fe7ba3f75aaa3028d4a018a709007b0db81c0f3
79,2024-04-26T00:20:00Z,9600.0,22230.0,165.225.240.79,10.138.69.97,443.0,NL,"From Netherlands, at 12:20:AM, accessed port 443.0, sent more data out than recieved",ba1c0be1c47df11e7235a854f8d98765567f716c6cf117fec9c1301bed7ddf23
80,2024-04-26T00:20:00Z,7786.0,14138.0,94.188.248.74,10.138.69.97,443.0,IL,"From Israel, at 12:20:AM, accessed port 443.0, sent more data out than recieved",a0bfcb18996d026d61d166d1c6990fca2a89d0673181e5afba9e6cf5bee87ab6
81,2024-04-26T00:20:00Z,33662.0,9572.0,136.226.77.103,10.138.69.97,443.0,CA,"From Canada, at 12:20:AM, accessed port 443.0, recieved more data in than sent out",3b252e335adf226c254259700fe7ba3f75aaa3028d4a018a709007b0db81c0f3
82,2024-04-26T00:20:00Z,6480.0,11794.0,165.225.26.101,10.138.69.97,443.0,DE,"From Germany, at 12:20:AM, accessed port 443.0, sent more data out than recieved",3daea6f4808f6455b981147f75145ca2cfd66f32d7b1b8fa21b472280242915d
83,2024-04-26T00:20:00Z,16698.0,19255.0,165.225.209.4,10.138.69.97,443.0,CA,"From Canada, at 12:20:AM, accessed port 443.0, sent more data out than recieved",e9b5ff180ca94e2476469c6485573f77bb64ce9f7a6fa9817fd99f4315d35428
84,2024-04-26T00:30:00Z,4018.0,3144.0,147.161.161.82,10.138.69.97,443.0,AE,"From United Arab Emirates, at 12:30:AM, accessed port 443.0, recieved more data in than sent out",26df3b337fe468b261acca36437f58b2ce5540760834950946c231341530c08d
85,2024-04-26T00:30:00Z,38560.0,34470.0,136.226.67.101,10.138.69.97,443.0,US,"From United States, at 12:30:AM, accessed port 443.0, recieved more data in than sent out",2b9e8b39ffb869e540c9a09dbaff497b5a6d3f4ffc7604a8132344fdda71166b
86,2024-04-26T00:30:00Z,57088.0,12210.0,165.225.212.255,10.138.69.97,443.0,CA,"From Canada, at 12:30:AM, accessed port 443.0, recieved more data in than sent out",20a70c54accc319b90d701b9df7e90e9cfaf0efc1854bd2749cef97037f8b10d
87,2024-04-26T00:30:00Z,1215594.0,64362.0,165.225.240.79,10.138.69.97,443.0,NL,"From Netherlands, at 12:30:AM, accessed port 443.0, recieved more data in than sent out",69272605c560ca966b659419f63b6cac1a4fc2cac94bd94101a05d3fe33f10bb
88,2024-04-26T00:30:00Z,3514.0,2648.0,94.188.248.74,10.138.69.97,443.0,IL,"From Israel, at 12:30:AM, accessed port 443.0, recieved more data in than sent out",e2d9e2de9b596ceede31a723c05650e3d000223613b3a6ecafcd3dc2413cdf65
89,2024-04-26T00:30:00Z,13338.0,17636.0,165.225.26.101,10.138.69.97,443.0,DE,"From Germany, at 12:30:AM, accessed port 443.0, sent more data out than recieved",c31800263dc2232089b48e26d58fb37f96717b6b0b9d8eb161b4ea07f1c74c2a
90,2024-04-26T00:30:00Z,4803684.0,294875.0,155.91.45.242,10.138.69.97,443.0,US,"From United States, at 12:30:AM, accessed port 443.0, recieved more data in than sent out",2b9e8b39ffb869e540c9a09dbaff497b5a6d3f4ffc7604a8132344fdda71166b
91,2024-04-26T00:30:00Z,13132.0,18249.0,165.225.209.4,10.138.69.97,443.0,CA,"From Canada, at 12:30:AM, accessed port 443.0, sent more data out than recieved",6c04faa8865ec8cfa97897801d4d6d2395199dfa0c61e69bc0b2d086ffa37e4c
92,2024-04-26T00:30:00Z,5238.0,11674.0,147.161.131.1,10.138.69.97,443.0,AT,"From Austria, at 12:30:AM, accessed port 443.0, sent more data out than recieved",c32da6463e675958112680fa4d3c97ebfd8a2d0cb9dbb5a3301fe7ec2ec625a9
93,2024-04-26T00:40:00Z,9052.0,5162.0,165.225.33.6,10.138.69.97,443.0,US,"From United States, at 12:40:AM, accessed port 443.0, recieved more data in than sent out",ab246e339164227f85cd89f51ff301e483d299736a898a5f70df3e726af2739d
94,2024-04-26T00:40:00Z,31076.0,39744.0,136.226.67.101,10.138.69.97,443.0,US,"From United States, at 12:40:AM, accessed port 443.0, sent more data out than recieved",69124d6c9c56cb62bdf117ad2bbfb2c9f47f54b3cf7d19d5147ec76739435255
95,2024-04-26T00:40:00Z,28518.0,13366.0,165.225.212.255,10.138.69.97,443.0,CA,"From Canada, at 12:40:AM, accessed port 443.0, recieved more data in than sent out",b87f94e9346e2cfbd8444303113d43e0004a98dea42b7e7be1085196caec8c06
96,2024-04-26T00:40:00Z,43660.0,12924.0,136.226.64.114,10.138.69.97,443.0,US,"From United States, at 12:40:AM, accessed port 443.0, recieved more data in than sent out",ab246e339164227f85cd89f51ff301e483d299736a898a5f70df3e726af2739d
97,2024-04-26T00:40:00Z,26820.0,45260.0,165.225.240.79,10.138.69.97,443.0,NL,"From Netherlands, at 12:40:AM, accessed port 443.0, sent more data out than recieved",6e859b3da514d84bbf1a4bcaa323f9eca165f25c2d18a2e032636480f94f7d22
98,2024-04-26T00:40:00Z,3206.0,11038.0,165.225.8.79,10.138.69.97,443.0,US,"From United States, at 12:40:AM, accessed port 443.0, sent more data out than recieved",69124d6c9c56cb62bdf117ad2bbfb2c9f47f54b3cf7d19d5147ec76739435255
99,2024-04-26T00:40:00Z,35894.0,10094.0,136.226.77.103,10.138.69.97,443.0,CA,"From Canada, at 12:40:AM, accessed port 443.0, recieved more data in than sent out",b87f94e9346e2cfbd8444303113d43e0004a98dea42b7e7be1085196caec8c06
100,2024-04-26T00:40:00Z,9132.0,5756.0,165.225.26.101,10.138.69.97,443.0,DE,"From Germany, at 12:40:AM, accessed port 443.0, recieved more data in than sent out",b0e6e50982a6c26b771e80659159b4db30bea692623d53885f78d3780c933bff
101,2024-04-26T00:40:00Z,4801644.0,292969.0,155.91.45.242,10.138.69.97,443.0,US,"From United States, at 12:40:AM, accessed port 443.0, recieved more data in than sent out",ab246e339164227f85cd89f51ff301e483d299736a898a5f70df3e726af2739d
102,2024-04-26T00:40:00Z,22790.0,40397.0,165.225.209.4,10.138.69.97,443.0,CA,"From Canada, at 12:40:AM, accessed port 443.0, sent more data out than recieved",62bdb9899dd8903a1d7e701da83fd53ac7e5ac82f24fc25e69c00d1340fe08aa
103,2024-04-26T00:50:00Z,29040.0,16476.0,165.225.33.6,10.138.69.97,443.0,US,"From United States, at 12:50:AM, accessed port 443.0, recieved more data in than sent out",e42ef3a5023cf8e2a4e88e86a0b21ab05dbd266725309bdb7423634104bc7977
104,2024-04-26T00:50:00Z,27938.0,4626.0,165.225.212.255,10.138.69.97,443.0,CA,"From Canada, at 12:50:AM, accessed port 443.0, recieved more data in than sent out",178bcc0c621d681700fe3734cdf9133f7047f088b5793ffbc37c1909d9885a25
105,2024-04-26T00:50:00Z,34660.0,10044.0,136.226.77.103,10.138.69.97,443.0,CA,"From Canada, at 12:50:AM, accessed port 443.0, recieved more data in than sent out",178bcc0c621d681700fe3734cdf9133f7047f088b5793ffbc37c1909d9885a25
106,2024-04-26T00:50:00Z,5238.0,11776.0,165.225.26.101,10.138.69.97,443.0,DE,"From Germany, at 12:50:AM, accessed port 443.0, sent more data out than recieved",23d89fce829927f47344dac0cb726930d2e5e9cf596c8530418ca9b0198e1e6d
107,2024-04-26T00:50:00Z,4809606.0,290761.0,155.91.45.242,10.138.69.97,443.0,US,"From United States, at 12:50:AM, accessed port 443.0, recieved more data in than sent out",e42ef3a5023cf8e2a4e88e86a0b21ab05dbd266725309bdb7423634104bc7977
108,2024-04-26T00:50:00Z,6742.0,13419.0,165.225.209.4,10.138.69.97,443.0,CA,"From Canada, at 12:50:AM, accessed port 443.0, sent more data out than recieved",af0a943ef38bbeec3d88d38a4e0972ab8f411a08602da5518ccf26850b1b11cf
109,2024-04-26T01:00:00Z,4138.0,3144.0,147.161.161.82,10.138.69.97,443.0,AE,"From United Arab Emirates, at 01:00:AM, accessed port 443.0, recieved more data in than sent out",7f7fbbd830090746e2f336d4c6cc87debac1a52314b0ff1aed6948708b46d69f
110,2024-04-26T01:00:00Z,10262.0,16182.0,136.226.67.101,10.138.69.97,443.0,US,"From United States, at 01:00:AM, accessed port 443.0, sent more data out than recieved",c68071562bcc7a3766167bb9a730e186468da777fb32697b95fd0e8e01eeada3
111,2024-04-26T01:00:00Z,28048.0,4730.0,165.225.212.255,10.138.69.97,443.0,CA,"From Canada, at 01:00:AM, accessed port 443.0, recieved more data in than sent out",9ad40f55515f6fbe431bd5ff964773dc7f7efa96ffc664a5b17ff76923964040
112,2024-04-26T01:00:00Z,4064.0,11386.0,94.188.248.74,10.138.69.97,443.0,IL,"From Israel, at 01:00:AM, accessed port 443.0, sent more data out than recieved",99a1434750d1cbb8cee0862d759ad53d2f8eb6abb19a0b2f87de6b5a2a8a8f0e
113,2024-04-26T01:00:00Z,47774.0,23406.0,136.226.77.103,10.138.69.97,443.0,CA,"From Canada, at 01:00:AM, accessed port 443.0, recieved more data in than sent out",9ad40f55515f6fbe431bd5ff964773dc7f7efa96ffc664a5b17ff76923964040
114,2024-04-26T01:00:00Z,3326.0,11038.0,165.225.8.79,10.138.69.97,443.0,US,"From United States, at 01:00:AM, accessed port 443.0, sent more data out than recieved",c68071562bcc7a3766167bb9a730e186468da777fb32697b95fd0e8e01eeada3
115,2024-04-26T01:00:00Z,9336.0,23450.0,165.225.26.101,10.138.69.97,443.0,DE,"From Germany, at 01:00:AM, accessed port 443.0, sent more data out than recieved",b3a9b4fd37cab7ecae5294cf5cafdea44e23e4cb7acb240d72847f038a3ddfc6
116,2024-04-26T01:00:00Z,4827283.0,306181.0,155.91.45.242,10.138.69.97,443.0,US,"From United States, at 01:00:AM, accessed port 443.0, recieved more data in than sent out",766e455022ed86c0fbb6cc959438ea0931b5e7b094b82d94c06f3260f6ae1dbe
117,2024-04-26T01:00:00Z,10830.0,23370.0,165.225.209.4,10.138.69.97,443.0,CA,"From Canada, at 01:00:AM, accessed port 443.0, sent more data out than recieved",b7653aa86f0060f77ba9ed442ef1b992fe419269d6175fdef5f21dea111b34de
118,2024-04-26T01:00:00Z,9806.0,14344.0,147.161.131.1,10.138.69.97,443.0,AT,"From Austria, at 01:00:AM, accessed port 443.0, sent more data out than recieved",1fa1895192e90ca4423e88cd1716d63375533557b5373a5bc1c5e40dbade3993
119,2024-04-26T01:10:00Z,16062.0,27514.0,136.226.67.101,10.138.69.97,443.0,US,"From United States, at 01:10:AM, accessed port 443.0, sent more data out than recieved",9597c743f8f0a1f2e8e1c6d59997d62caf505a709f4414186b79ec8e8b702178
120,2024-04-26T01:10:00Z,29010.0,15550.0,165.225.213.7,10.138.69.97,443.0,CA,"From Canada, at 01:10:AM, accessed port 443.0, recieved more data in than sent out",886e95fef263fabd10bf14eba997856789ad647a491edc262db71da214057105
121,2024-04-26T01:10:00Z,3722.0,2694.0,94.188.248.74,10.138.69.97,443.0,IL,"From Israel, at 01:10:AM, accessed port 443.0, recieved more data in than sent out",6ac248c12402a4b0aae3d391e798ceb906de5d38982792b9dd70e7fb4620900e
122,2024-04-26T01:10:00Z,7182.0,12958.0,136.226.77.103,10.138.69.97,443.0,CA,"From Canada, at 01:10:AM, accessed port 443.0, sent more data out than recieved",7d0002c5a534ad9c586b9540380bd3e97eacb9ce081409811fc50c97428cf595
123,2024-04-26T01:10:00Z,3102.0,11142.0,165.225.8.79,10.138.69.97,443.0,US,"From United States, at 01:10:AM, accessed port 443.0, sent more data out than recieved",9597c743f8f0a1f2e8e1c6d59997d62caf505a709f4414186b79ec8e8b702178
124,2024-04-26T01:10:00Z,10012.0,14968.0,165.225.26.101,10.138.69.97,443.0,DE,"From Germany, at 01:10:AM, accessed port 443.0, sent more data out than recieved",e024c7ea6d3bda976d0e83c5041a4b0c29d7dc517e4c01a6188b6d9bbfe8f8d9
125,2024-04-26T01:10:00Z,4776536.0,289969.0,155.91.45.242,10.138.69.97,443.0,US,"From United States, at 01:10:AM, accessed port 443.0, recieved more data in than sent out",7d60f3bfe0b5dd790e3fcf806abf875fce7facf77084ff5a59ec5fe2953df415
126,2024-04-26T01:10:00Z,528.0,858.0,165.225.209.4,10.138.69.97,443.0,CA,"From Canada, at 01:10:AM, accessed port 443.0, sent more data out than recieved",7d0002c5a534ad9c586b9540380bd3e97eacb9ce081409811fc50c97428cf595
127,2024-04-26T01:10:00Z,6376.0,11690.0,147.161.131.1,10.138.69.97,443.0,AT,"From Austria, at 01:10:AM, accessed port 443.0, sent more data out than recieved",2ba7e4d4f212f414c51f289edcb331607438dfcbe7cace5489d16aaca6c2df38
128,2024-04-26T01:20:00Z,9620.0,16178.0,147.161.161.82,10.138.69.97,443.0,AE,"From United Arab Emirates, at 01:20:AM, accessed port 443.0, sent more data out than recieved",422325bfca4a72d5b38a1fc61b5dd62f521a86ae9e0ebad4cd099f81f88692a6
129,2024-04-26T01:20:00Z,24442.0,25574.0,136.226.67.101,10.138.69.97,443.0,US,"From United States, at 01:20:AM, accessed port 443.0, sent more data out than recieved",dbbdffc6895b9bdb122e81cb1779b67756dace2521103d4a2baf85f6e9c41633
130,2024-04-26T01:20:00Z,29586.0,15754.0,165.225.212.255,10.138.69.97,443.0,CA,"From Canada, at 01:20:AM, accessed port 443.0, recieved more data in than sent out",60f61fbab22f96a47e880717f8185baf23c619f63f9e5134b95e1d0dc9811e29
131,2024-04-26T01:20:00Z,30178.0,14280.0,136.226.64.114,10.138.69.97,443.0,US,"From United States, at 01:20:AM, accessed port 443.0, recieved more data in than sent out",4b707f1c5b9dabc1aaa01a4fdc251a194c1379c2e4009c4e7a7c1cc76a840f49
132,2024-04-26T01:20:00Z,1889834.0,34306.0,165.225.240.79,10.138.69.97,443.0,NL,"From Netherlands, at 01:20:AM, accessed port 443.0, recieved more data in than sent out",192f96696f20d2e2f67b31b76c13320d68dcdb9300cead55b3a8b19b774d0bb6
133,2024-04-26T01:20:00Z,5154.0,2878.0,136.226.77.103,10.138.69.97,443.0,CA,"From Canada, at 01:20:AM, accessed port 443.0, recieved more data in than sent out",60f61fbab22f96a47e880717f8185baf23c619f63f9e5134b95e1d0dc9811e29
134,2024-04-26T01:20:00Z,12764.0,26284.0,165.225.26.101,10.138.69.97,443.0,DE,"From Germany, at 01:20:AM, accessed port 443.0, sent more data out than recieved",970b756fdd5ab7a9968a6c7783fbc7bec85a23cec65bc067926aed1939d7d262
135,2024-04-26T01:20:00Z,4788904.0,294113.0,155.91.45.242,10.138.69.97,443.0,US,"From United States, at 01:20:AM, accessed port 443.0, recieved more data in than sent out",4b707f1c5b9dabc1aaa01a4fdc251a194c1379c2e4009c4e7a7c1cc76a840f49
136,2024-04-26T01:20:00Z,22366.0,31577.0,165.225.209.4,10.138.69.97,443.0,CA,"From Canada, at 01:20:AM, accessed port 443.0, sent more data out than recieved",cfda23963370fb9c8211d9e3a4bd83885dff4ad2873b14c282957120c802ba54
137,2024-04-26T01:20:00Z,6376.0,11690.0,147.161.131.1,10.138.69.97,443.0,AT,"From Austria, at 01:20:AM, accessed port 443.0, sent more data out than recieved",70e49cf84c41920c9988eaa7c2d917d535b5a06750649ec407d3727a6f0a437a
138,2024-04-26T01:30:00Z,3618.0,2878.0,147.161.161.82,10.138.69.97,443.0,AE,"From United Arab Emirates, at 01:30:AM, accessed port 443.0, recieved more data in than sent out",96051ca09cef679530ba69e83b24b781b34ef37886d12e6eb80718e005535eac
139,2024-04-26T01:30:00Z,23680.0,33014.0,136.226.67.101,10.138.69.97,443.0,US,"From United States, at 01:30:AM, accessed port 443.0, sent more data out than recieved",a1f71aebb983a6ad0fad0e7dad995e608a7d11cbb948a2050781b09694d5af07
140,2024-04-26T01:30:00Z,28388.0,13468.0,165.225.212.255,10.138.69.97,443.0,CA,"From Canada, at 01:30:AM, accessed port 443.0, recieved more data in than sent out",320853e79a917aa00d272c358829948cf56441582b92cb6f4d224ca1afafb5ab
141,2024-04-26T01:30:00Z,43840.0,13960.0,136.226.64.114,10.138.69.97,443.0,US,"From United States, at 01:30:AM, accessed port 443.0, recieved more data in than sent out",a085b137311313800f4c8aead4624e671a307dde8604f0a1f5da2cc4b54b0b7c
142,2024-04-26T01:30:00Z,1253276.0,46666.0,165.225.240.79,10.138.69.97,443.0,NL,"From Netherlands, at 01:30:AM, accessed port 443.0, recieved more data in than sent out",bd55927dd8a47c5ec3757cab07bfc132570a18e8c66a63913118691b3fb2b03e
143,2024-04-26T01:30:00Z,4080.0,11386.0,94.188.248.74,10.138.69.97,443.0,IL,"From Israel, at 01:30:AM, accessed port 443.0, sent more data out than recieved",207405e27c39f2934f7ab8e808429913d8a33cee8e1d0cfc273e6f3e5f746d7e
144,2024-04-26T01:30:00Z,3206.0,11038.0,165.225.8.79,10.138.69.97,443.0,US,"From United States, at 01:30:AM, accessed port 443.0, sent more data out than recieved",a1f71aebb983a6ad0fad0e7dad995e608a7d11cbb948a2050781b09694d5af07
145,2024-04-26T01:30:00Z,14222.0,9362.0,165.225.26.101,10.138.69.97,443.0,DE,"From Germany, at 01:30:AM, accessed port 443.0, recieved more data in than sent out",79c10c3ead743d0070a2dd0638b922de35924b80baedee77e1479deb696c5a8b
146,2024-04-26T01:30:00Z,4808787.0,301495.0,155.91.45.242,10.138.69.97,443.0,US,"From United States, at 01:30:AM, accessed port 443.0, recieved more data in than sent out",a085b137311313800f4c8aead4624e671a307dde8604f0a1f5da2cc4b54b0b7c
147,2024-04-26T01:30:00Z,7294.0,13707.0,165.225.209.4,10.138.69.97,443.0,CA,"From Canada, at 01:30:AM, accessed port 443.0, sent more data out than recieved",c8b16528ea24bcb7d64e64071a13f5701cc44589953aad8cb47f40e822bdab61
148,2024-04-26T01:40:00Z,5824.0,12018.0,165.225.33.6,10.138.69.97,443.0,US,"From United States, at 01:40:AM, accessed port 443.0, sent more data out than recieved",0183aaaebf72fcc4a7d9be8e4613f1817328c5da54d4c732460f97f2be519a0e
149,2024-04-26T01:40:00Z,5492.0,12046.0,136.226.67.101,10.138.69.97,443.0,US,"From United States, at 01:40:AM, accessed port 443.0, sent more data out than recieved",0183aaaebf72fcc4a7d9be8e4613f1817328c5da54d4c732460f97f2be519a0e
150,2024-04-26T01:40:00Z,28644.0,7330.0,165.225.213.7,10.138.69.97,443.0,CA,"From Canada, at 01:40:AM, accessed port 443.0, recieved more data in than sent out",8720294d78d3fe88995c4492a19702447be191de327991628c85aabf7abcc553
151,2024-04-26T01:40:00Z,3206.0,11142.0,165.225.8.79,10.138.69.97,443.0,US,"From United States, at 01:40:AM, accessed port 443.0, sent more data out than recieved",0183aaaebf72fcc4a7d9be8e4613f1817328c5da54d4c732460f97f2be519a0e
152,2024-04-26T01:40:00Z,38780.0,18682.0,136.226.77.103,10.138.69.97,443.0,CA,"From Canada, at 01:40:AM, accessed port 443.0, recieved more data in than sent out",8720294d78d3fe88995c4492a19702447be191de327991628c85aabf7abcc553
153,2024-04-26T01:40:00Z,4869181.0,301752.0,155.91.45.242,10.138.69.97,443.0,US,"From United States, at 01:40:AM, accessed port 443.0, recieved more data in than sent out",299e848151699ac93f05e5f388649aea0c7103b4d950ff5c7b2b0006b2682d12
154,2024-04-26T01:40:00Z,6046.0,4544.0,165.225.209.4,10.138.69.97,443.0,CA,"From Canada, at 01:40:AM, accessed port 443.0, recieved more data in than sent out",8720294d78d3fe88995c4492a19702447be191de327991628c85aabf7abcc553
155,2024-04-26T01:40:00Z,6584.0,11898.0,147.161.131.1,10.138.69.97,443.0,AT,"From Austria, at 01:40:AM, accessed port 443.0, sent more data out than recieved",7c71be2c6931367981b18b57a0289dec7c7527cc08f8c4a7ec8e11af16e57e8c
156,2024-04-26T01:40:00Z,7666.0,14346.0,136.226.80.97,10.138.69.97,443.0,US,"From United States, at 01:40:AM, accessed port 443.0, sent more data out than recieved",0183aaaebf72fcc4a7d9be8e4613f1817328c5da54d4c732460f97f2be519a0e
157,2024-04-26T01:50:00Z,5140.0,4294.0,147.161.161.82,10.138.69.97,443.0,AE,"From United Arab Emirates, at 01:50:AM, accessed port 443.0, recieved more data in than sent out",5be9d2a063182cb072be8337d8d11595bfa927b8e57fe7ed7106cfe1fd5e2478
158,2024-04-26T01:50:00Z,37105.0,49494.0,136.226.67.101,10.138.69.97,443.0,US,"From United States, at 01:50:AM, accessed port 443.0, sent more data out than recieved",3b1ea0051408427d5c37506c9ba5921753c9813a4b486acf912bcb50380e8433
159,2024-04-26T01:50:00Z,28896.0,7328.0,165.225.213.7,10.138.69.97,443.0,CA,"From Canada, at 01:50:AM, accessed port 443.0, recieved more data in than sent out",607f953a940503252dc201e6ff9aa9c0ba5b343af2716f78176de58ff636439e
160,2024-04-26T01:50:00Z,8872.0,14760.0,165.225.26.101,10.138.69.97,443.0,DE,"From Germany, at 01:50:AM, accessed port 443.0, sent more data out than recieved",12c2b91e767f6de083e8bdc6af11ec720c827f0230bb2dd60333b48a8fe1d4de
161,2024-04-26T01:50:00Z,4755578.0,292284.0,155.91.45.242,10.138.69.97,443.0,US,"From United States, at 01:50:AM, accessed port 443.0, recieved more data in than sent out",24a20333c27de15e93b4b4a75dfb0c2cc8029331091e715d9adb1d1e00c5725a
162,2024-04-26T01:50:00Z,11358.0,24124.0,165.225.209.4,10.138.69.97,443.0,CA,"From Canada, at 01:50:AM, accessed port 443.0, sent more data out than recieved",eab0d60c687e5e41831d96c29df27bd45d32d1056ac12186910914e9df6e0852
163,2024-04-26T01:50:00Z,4264.0,11882.0,147.161.131.1,10.138.69.97,443.0,AT,"From Austria, at 01:50:AM, accessed port 443.0, sent more data out than recieved",478da0bb6f21a83a2f65ecd087aa4855d83899491bcd4524212b49e2c58383b3
164,2024-04-26T01:50:00Z,3966.0,3248.0,136.226.80.97,10.138.69.97,443.0,US,"From United States, at 01:50:AM, accessed port 443.0, recieved more data in than sent out",24a20333c27de15e93b4b4a75dfb0c2cc8029331091e715d9adb1d1e00c5725a
165,2024-04-26T08:00:00Z,35666.0,39032.0,136.226.67.101,10.138.69.97,443.0,US,"From United States, at 08:00:AM, accessed port 443.0, sent more data out than recieved",5a7cf8bb839151976ae22364d35c5dde0b7ed3d3d9c672db9e64f78be973612a
166,2024-04-26T08:00:00Z,28540.0,7228.0,165.225.213.7,10.138.69.97,443.0,CA,"From Canada, at 08:00:AM, accessed port 443.0, recieved more data in than sent out",9bd8a6d1043de3b94bd4be122a8625efabb0d8648ca3a2ac2ea64a69aa8a537a
167,2024-04-26T08:00:00Z,44408.0,22446.0,136.226.64.114,10.138.69.97,443.0,US,"From United States, at 08:00:AM, accessed port 443.0, recieved more data in than sent out",fead4c414ecd241afeeb64e4aece4de841d93e479cba154f84379dbe419f944b
168,2024-04-26T08:00:00Z,8202.0,6068.0,165.225.26.101,10.138.69.97,443.0,DE,"From Germany, at 08:00:AM, accessed port 443.0, recieved more data in than sent out",cb19123c6f62f6fc40cf958f56aaeaa4f3f08864bb5d1e520cf4a17192ada788
169,2024-04-26T08:00:00Z,18201558.0,1170896.0,155.91.45.242,10.138.69.97,443.0,US,"From United States, at 08:00:AM, accessed port 443.0, recieved more data in than sent out",fead4c414ecd241afeeb64e4aece4de841d93e479cba154f84379dbe419f944b
170,2024-04-26T08:00:00Z,23836.0,41493.0,165.225.209.4,10.138.69.97,443.0,CA,"From Canada, at 08:00:AM, accessed port 443.0, sent more data out than recieved",f5dbd3fe4d29811ae5b64ee881b6b1fbbe87cd5ebff7c4aafdbf479b30db378f
171,2024-04-26T08:00:00Z,3862.0,2982.0,136.226.80.97,10.138.69.97,443.0,US,"From United States, at 08:00:AM, accessed port 443.0, recieved more data in than sent out",fead4c414ecd241afeeb64e4aece4de841d93e479cba154f84379dbe419f944b
172,2024-04-26T08:10:00Z,15978.0,28154.0,136.226.67.101,10.138.69.97,443.0,US,"From United States, at 08:10:AM, accessed port 443.0, sent more data out than recieved",19522818fcf4f783dc2ad0f4e13f69246888c5c464243c91af3ba01216cba692
173,2024-04-26T08:10:00Z,28042.0,4834.0,165.225.212.255,10.138.69.97,443.0,CA,"From Canada, at 08:10:AM, accessed port 443.0, recieved more data in than sent out",ddac2294e3cb62a18dee47663a40fb8f842b1a9d5c2d1bbbc8e2c4727c26f23f
174,2024-04-26T08:10:00Z,3618.0,2648.0,94.188.248.74,10.138.69.97,443.0,IL,"From Israel, at 08:10:AM, accessed port 443.0, recieved more data in than sent out",8157d598eb1c4c589193b1ac102ef4f79ca7d60c1cea1507d11c0e3f2f7eefe8
175,2024-04-26T08:10:00Z,13546.0,17742.0,165.225.26.101,10.138.69.97,443.0,DE,"From Germany, at 08:10:AM, accessed port 443.0, sent more data out than recieved",5ff8246e600615dbc4e2e00b5d4f30b3e7739451408abf094de2e0554c0a0987
176,2024-04-26T08:10:00Z,18273120.0,1145109.0,155.91.45.242,10.138.69.97,443.0,US,"From United States, at 08:10:AM, accessed port 443.0, recieved more data in than sent out",c3c8e7aa77cb6ebe9716bb85d36be804197db6facf8054a9ccc659dbf8c9ef8a
177,2024-04-26T08:10:00Z,15094.0,10563.0,165.225.209.4,10.138.69.97,443.0,CA,"From Canada, at 08:10:AM, accessed port 443.0, recieved more data in than sent out",ddac2294e3cb62a18dee47663a40fb8f842b1a9d5c2d1bbbc8e2c4727c26f23f
178,2024-04-26T08:10:00Z,5238.0,11674.0,147.161.131.1,10.138.69.97,443.0,AT,"From Austria, at 08:10:AM, accessed port 443.0, sent more data out than recieved",97974b8d3e2061208f8ad9a8179e4e09751e71afc901089c998417723a582ee1
179,2024-04-26T08:20:00Z,4480.0,11778.0,147.161.161.82,10.138.69.97,443.0,AE,"From United Arab Emirates, at 08:20:AM, accessed port 443.0, sent more data out than recieved",43b6de2c7fc6997a8d5f84ce975723209178ecffa11bb3c7dfe17d46524d9c6f
180,2024-04-26T08:20:00Z,30396.0,28830.0,136.226.67.101,10.138.69.97,443.0,US,"From United States, at 08:20:AM, accessed port 443.0, recieved more data in than sent out",19ca2fa13b26cb71c38788253ff0318f21f579ffec9b29a2fcc5063e07b19c6a
181,2024-04-26T08:20:00Z,28628.0,13570.0,165.225.212.255,10.138.69.97,443.0,CA,"From Canada, at 08:20:AM, accessed port 443.0, recieved more data in than sent out",8dd9fc7a4090f39cba744d35d9ae9a3d54d003f0d2af1e285613a31254c85c81
182,2024-04-26T08:20:00Z,1360.0,436.0,198.235.24.81,10.138.69.97,443.0,US,"From United States, at 08:20:AM, accessed port 443.0, recieved more data in than sent out",19ca2fa13b26cb71c38788253ff0318f21f579ffec9b29a2fcc5063e07b19c6a
183,2024-04-26T08:20:00Z,3976.0,11282.0,94.188.248.74,10.138.69.97,443.0,IL,"From Israel, at 08:20:AM, accessed port 443.0, sent more data out than recieved",16bba375130accb4aba9685bffa588d4459c8a2ed4054f1996fe95493b440252
184,2024-04-26T08:20:00Z,9440.0,23452.0,165.225.26.101,10.138.69.97,443.0,DE,"From Germany, at 08:20:AM, accessed port 443.0, sent more data out than recieved",cd795f8111a50fd33b3ea71a850f34f51cf0149726296a552b135318792cdbdd
185,2024-04-26T08:20:00Z,18285525.0,1130944.0,155.91.45.242,10.138.69.97,443.0,US,"From United States, at 08:20:AM, accessed port 443.0, recieved more data in than sent out",19ca2fa13b26cb71c38788253ff0318f21f579ffec9b29a2fcc5063e07b19c6a
186,2024-04-26T08:20:00Z,24200.0,41078.0,165.225.209.4,10.138.69.97,443.0,CA,"From Canada, at 08:20:AM, accessed port 443.0, sent more data out than recieved",3692c8d96b876249d4b69df48eb8903472b6bf805ff253823693e90d960e87b6
187,2024-04-26T08:20:00Z,5030.0,11570.0,147.161.131.1,10.138.69.97,443.0,AT,"From Austria, at 08:20:AM, accessed port 443.0, sent more data out than recieved",bc6ce15596c946ece36b7d33c0caa0b5920fb1d88fffeef1de3cfeb6406d6372
188,2024-04-26T08:20:00Z,7204.0,5860.0,136.226.80.97,10.138.69.97,443.0,US,"From United States, at 08:20:AM, accessed port 443.0, recieved more data in than sent out",19ca2fa13b26cb71c38788253ff0318f21f579ffec9b29a2fcc5063e07b19c6a
189,2024-04-26T08:30:00Z,4168.0,11674.0,147.161.161.82,10.138.69.97,443.0,AE,"From United Arab Emirates, at 08:30:AM, accessed port 443.0, sent more data out than recieved",10e0a7e2c640428a035a5de0de8003862383bcf61cf9b700678a2c657230e66b
190,2024-04-26T08:30:00Z,37156.0,48239.0,136.226.67.101,10.138.69.97,443.0,US,"From United States, at 08:30:AM, accessed port 443.0, sent more data out than recieved",3ddfba1774ab63c1f0c42cfacc88054aabc6f5480065a9d04eb8b3c5fd655900
191,2024-04-26T08:30:00Z,27912.0,6080.0,165.225.213.7,10.138.69.97,443.0,CA,"From Canada, at 08:30:AM, accessed port 443.0, recieved more data in than sent out",f75ed2c230a746cc37361f8a8cae3a03b3770d3e47c23dfebbfb318886e076f8
192,2024-04-26T08:30:00Z,44390.0,22134.0,136.226.64.114,10.138.69.97,443.0,US,"From United States, at 08:30:AM, accessed port 443.0, recieved more data in than sent out",5c78462498307b0b5ce974116c473da8c7b20b79929f3f802158da2f36d52b20
193,2024-04-26T08:30:00Z,4686.0,11778.0,136.226.77.103,10.138.69.97,443.0,CA,"From Canada, at 08:30:AM, accessed port 443.0, sent more data out than recieved",4b96bf7fc02383a6d04ff3c487a3426e19a3a141a1e988cf17f6a41594ceb078
194,2024-04-26T08:30:00Z,18239056.0,1144663.0,155.91.45.242,10.138.69.97,443.0,US,"From United States, at 08:30:AM, accessed port 443.0, recieved more data in than sent out",5c78462498307b0b5ce974116c473da8c7b20b79929f3f802158da2f36d52b20
195,2024-04-26T08:30:00Z,6806.0,13238.0,165.225.209.4,10.138.69.97,443.0,CA,"From Canada, at 08:30:AM, accessed port 443.0, sent more data out than recieved",4b96bf7fc02383a6d04ff3c487a3426e19a3a141a1e988cf17f6a41594ceb078
196,2024-04-26T08:30:00Z,10118.0,14760.0,147.161.131.1,10.138.69.97,443.0,AT,"From Austria, at 08:30:AM, accessed port 443.0, sent more data out than recieved",e86bea7857e1cfaabe0689437dcb1dd4d1664f69f99314d9fb09feff13d25df7
197,2024-04-26T08:40:00Z,15016.0,11797.0,136.226.67.101,10.138.69.97,443.0,US,"From United States, at 08:40:AM, accessed port 443.0, recieved more data in than sent out",d71c5ee6bbf5e6cf52156076804369207b328143bf5c9345d5be1e2e1ce317c3
198,2024-04-26T08:40:00Z,1996566.0,56644.0,165.225.240.79,10.138.69.97,443.0,NL,"From Netherlands, at 08:40:AM, accessed port 443.0, recieved more data in than sent out",8c37546912ca3c8115c791479318caccda337c856f77eec892508de5cc22bd3c
199,2024-04-26T08:40:00Z,10578.0,23450.0,165.225.26.101,10.138.69.97,443.0,DE,"From Germany, at 08:40:AM, accessed port 443.0, sent more data out than recieved",57f670447ddd7dd6af3a1aaf2843ffdbac4c07c2c426b48965fa1c72087837c9
200,2024-04-26T08:40:00Z,18125238.0,1121958.0,155.91.45.242,10.138.69.97,443.0,US,"From United States, at 08:40:AM, accessed port 443.0, recieved more data in than sent out",d71c5ee6bbf5e6cf52156076804369207b328143bf5c9345d5be1e2e1ce317c3
201,2024-04-26T08:40:00Z,18482.0,29508.0,165.225.209.4,10.138.69.97,443.0,CA,"From Canada, at 08:40:AM, accessed port 443.0, sent more data out than recieved",c7d5638b9c0b5582d33dd67920a44b02e7e8a8491cf2336d41d9e2897b9c6fa0
202,2024-04-26T08:40:00Z,5238.0,11778.0,147.161.131.1,10.138.69.97,443.0,AT,"From Austria, at 08:40:AM, accessed port 443.0, sent more data out than recieved",88a6defb5705308299866ebbdc778c3256a41087d3ce74e36ec8a4e2c2c21876
203,2024-04-26T08:40:00Z,4116.0,11570.0,136.226.80.97,10.138.69.97,443.0,US,"From United States, at 08:40:AM, accessed port 443.0, sent more data out than recieved",814d10dd102d600af9a8256e4999051980d7d7234e633fca252e2202ed6a1f63
204,2024-04-26T08:50:00Z,4272.0,11778.0,147.161.161.82,10.138.69.97,443.0,AE,"From United Arab Emirates, at 08:50:AM, accessed port 443.0, sent more data out than recieved",f56566887869acfc976e4d670d2c1d5d6c11ae79a04cd2769e38ac14936b0cfd
205,2024-04-26T08:50:00Z,31166.0,25856.0,165.225.33.6,10.138.69.97,443.0,US,"From United States, at 08:50:AM, accessed port 443.0, recieved more data in than sent out",57294bab4e387813c9f3c3b2d0fc72c892d484f8696e99cb80841dcd72458353
206,2024-04-26T08:50:00Z,28830.0,27096.0,136.226.67.101,10.138.69.97,443.0,US,"From United States, at 08:50:AM, accessed port 443.0, recieved more data in than sent out",57294bab4e387813c9f3c3b2d0fc72c892d484f8696e99cb80841dcd72458353
207,2024-04-26T08:50:00Z,60122.0,12630.0,136.226.64.114,10.138.69.97,443.0,US,"From United States, at 08:50:AM, accessed port 443.0, recieved more data in than sent out",57294bab4e387813c9f3c3b2d0fc72c892d484f8696e99cb80841dcd72458353
208,2024-04-26T08:50:00Z,3678.0,11038.0,165.225.240.79,10.138.69.97,443.0,NL,"From Netherlands, at 08:50:AM, accessed port 443.0, sent more data out than recieved",ee890ee3b6d4fc0448979e129dd2d5c33ae5870e96dc2f52dfb4e6520bfc3280
209,2024-04-26T08:50:00Z,36522.0,18578.0,136.226.77.103,10.138.69.97,443.0,CA,"From Canada, at 08:50:AM, accessed port 443.0, recieved more data in than sent out",72f07d40b65720c3ad8c3fd9bff47bb783c0c45f879705f06dc82c43a392fd98
210,2024-04-26T08:50:00Z,13232.0,17534.0,165.225.26.101,10.138.69.97,443.0,DE,"From Germany, at 08:50:AM, accessed port 443.0, sent more data out than recieved",3afca0d9fa38884d65c1f2082ade656ea9f4e9eaae6c2bf3a2b7c96a93bfd41c
211,2024-04-26T08:50:00Z,18171403.0,1103358.0,155.91.45.242,10.138.69.97,443.0,US,"From United States, at 08:50:AM, accessed port 443.0, recieved more data in than sent out",57294bab4e387813c9f3c3b2d0fc72c892d484f8696e99cb80841dcd72458353
212,2024-04-26T08:50:00Z,1147.0,5151.0,65.49.1.69,10.138.69.97,443.0,US,"From United States, at 08:50:AM, accessed port 443.0, sent more data out than recieved",d47793b37c76669990c0adf0fb3b67d80b6e9028c56ed07c5d9b463e53ba297d
213,2024-04-26T08:50:00Z,80.0,44.0,65.49.1.72,10.138.69.97,443.0,US,"From United States, at 08:50:AM, accessed port 443.0, recieved more data in than sent out",57294bab4e387813c9f3c3b2d0fc72c892d484f8696e99cb80841dcd72458353
214,2024-04-26T08:50:00Z,790.0,444.0,65.49.1.94,10.138.69.97,443.0,US,"From United States, at 08:50:AM, accessed port 443.0, recieved more data in than sent out",57294bab4e387813c9f3c3b2d0fc72c892d484f8696e99cb80841dcd72458353
215,2024-04-26T08:50:00Z,5030.0,11674.0,147.161.131.1,10.138.69.97,443.0,AT,"From Austria, at 08:50:AM, accessed port 443.0, sent more data out than recieved",1c0acfced78a2630cbf4bdc08704e17bac95496d142ed33b8db9f050095ddaa7
216,2024-04-26T08:50:00Z,3638.0,3086.0,136.226.80.97,10.138.69.97,443.0,US,"From United States, at 08:50:AM, accessed port 443.0, recieved more data in than sent out",57294bab4e387813c9f3c3b2d0fc72c892d484f8696e99cb80841dcd72458353
217,2024-04-26T09:10:00Z,4704.0,11882.0,147.161.161.82,10.138.69.97,443.0,AE,"From United Arab Emirates, at 09:10:AM, accessed port 443.0, sent more data out than recieved",62da182bdf75ded835307de299e8214e7a3177fd85ece2b4be1c533cf368f526
218,2024-04-26T09:10:00Z,16960.0,19458.0,136.226.67.101,10.138.69.97,443.0,US,"From United States, at 09:10:AM, accessed port 443.0, sent more data out than recieved",80e9756c9c37053faf3d35ddcb76afb9f067da779ce3c369c0717c06674ec934
219,2024-04-26T09:10:00Z,29314.0,15444.0,165.225.213.7,10.138.69.97,443.0,CA,"From Canada, at 09:10:AM, accessed port 443.0, recieved more data in than sent out",42abc2469bfed52cfdeaf9355c83fba81e8167f13a509e6163ff01edee03a874
220,2024-04-26T09:00:00Z,28244.0,17860.0,165.225.33.6,10.138.69.97,443.0,US,"From United States, at 09:00:AM, accessed port 443.0, recieved more data in than sent out",95e4f2e67086a7ad632ec42a4533ec8db373e81ae266cf87763c864f886faa6c
221,2024-04-26T09:10:00Z,2007229.0,59926.0,165.225.240.79,10.138.69.97,443.0,NL,"From Netherlands, at 09:10:AM, accessed port 443.0, recieved more data in than sent out",1204682a7242f6377f550ed8d6d787fb8ad557c06419c1a13bb61c3e1645981e
222,2024-04-26T09:00:00Z,18890.0,30568.0,136.226.67.101,10.138.69.97,443.0,US,"From United States, at 09:00:AM, accessed port 443.0, sent more data out than recieved",f014ac80527e8e29f19af99244c23577845ffebb9b4f8b51be7ffc263506ee63
223,2024-04-26T09:00:00Z,27970.0,13366.0,165.225.213.7,10.138.69.97,443.0,CA,"From Canada, at 09:00:AM, accessed port 443.0, recieved more data in than sent out",054d92eb8ce979b2cc06be10ec497f4d85d3b20b34e53508df92476eef5e8e57
224,2024-04-26T09:00:00Z,30596.0,14488.0,136.226.64.114,10.138.69.97,443.0,US,"From United States, at 09:00:AM, accessed port 443.0, recieved more data in than sent out",95e4f2e67086a7ad632ec42a4533ec8db373e81ae266cf87763c864f886faa6c
225,2024-04-26T09:10:00Z,6488.0,4164.0,136.226.77.103,10.138.69.97,443.0,CA,"From Canada, at 09:10:AM, accessed port 443.0, recieved more data in than sent out",42abc2469bfed52cfdeaf9355c83fba81e8167f13a509e6163ff01edee03a874
226,2024-04-26T09:10:00Z,9908.0,14656.0,165.225.26.101,10.138.69.97,443.0,DE,"From Germany, at 09:10:AM, accessed port 443.0, sent more data out than recieved",22bdfcc7d78727a3042e875f5dd51fe1e9b43c95ffd2edac1cca947d8cccc241
227,2024-04-26T09:00:00Z,48614.0,25178.0,136.226.77.103,10.138.69.97,443.0,CA,"From Canada, at 09:00:AM, accessed port 443.0, recieved more data in than sent out",054d92eb8ce979b2cc06be10ec497f4d85d3b20b34e53508df92476eef5e8e57
228,2024-04-26T09:00:00Z,7994.0,5754.0,165.225.26.101,10.138.69.97,443.0,DE,"From Germany, at 09:00:AM, accessed port 443.0, recieved more data in than sent out",5d68314949a87b90148caefc77d3b0c2818cf405ff4594af57b36a06545b740b
229,2024-04-26T09:10:00Z,18119202.0,1132321.0,155.91.45.242,10.138.69.97,443.0,US,"From United States, at 09:10:AM, accessed port 443.0, recieved more data in than sent out",75a20ae1964f7f16ea5a81d54965fb008f625d0c9724b5fcb40e5f4ef53c0c66
230,2024-04-26T09:00:00Z,3904.0,19282.0,65.49.1.104,10.138.69.97,443.0,US,"From United States, at 09:00:AM, accessed port 443.0, sent more data out than recieved",f014ac80527e8e29f19af99244c23577845ffebb9b4f8b51be7ffc263506ee63
231,2024-04-26T09:10:00Z,5736.0,12114.0,165.225.209.4,10.138.69.97,443.0,CA,"From Canada, at 09:10:AM, accessed port 443.0, sent more data out than recieved",84a1489551eaff5400d68745ba50f6f32c8e483c0a229311e818f12cd25546c9
232,2024-04-26T09:00:00Z,18187778.0,1142605.0,155.91.45.242,10.138.69.97,443.0,US,"From United States, at 09:00:AM, accessed port 443.0, recieved more data in than sent out",95e4f2e67086a7ad632ec42a4533ec8db373e81ae266cf87763c864f886faa6c
233,2024-04-26T09:00:00Z,5482.0,21034.0,65.49.1.97,10.138.69.97,443.0,US,"From United States, at 09:00:AM, accessed port 443.0, sent more data out than recieved",f014ac80527e8e29f19af99244c23577845ffebb9b4f8b51be7ffc263506ee63
234,2024-04-26T09:00:00Z,1112.0,430.0,65.49.1.99,10.138.69.97,443.0,US,"From United States, at 09:00:AM, accessed port 443.0, recieved more data in than sent out",95e4f2e67086a7ad632ec42a4533ec8db373e81ae266cf87763c864f886faa6c
235,2024-04-26T09:00:00Z,833.0,4490.0,65.49.1.76,10.138.69.97,443.0,US,"From United States, at 09:00:AM, accessed port 443.0, sent more data out than recieved",f014ac80527e8e29f19af99244c23577845ffebb9b4f8b51be7ffc263506ee63
236,2024-04-26T09:00:00Z,1674.0,8980.0,65.49.1.96,10.138.69.97,443.0,US,"From United States, at 09:00:AM, accessed port 443.0, sent more data out than recieved",f014ac80527e8e29f19af99244c23577845ffebb9b4f8b51be7ffc263506ee63
237,2024-04-26T09:00:00Z,1328.0,524.0,65.49.1.95,10.138.69.97,443.0,US,"From United States, at 09:00:AM, accessed port 443.0, recieved more data in than sent out",95e4f2e67086a7ad632ec42a4533ec8db373e81ae266cf87763c864f886faa6c
238,2024-04-26T09:10:00Z,3534.0,2982.0,136.226.80.97,10.138.69.97,443.0,US,"From United States, at 09:10:AM, accessed port 443.0, recieved more data in than sent out",75a20ae1964f7f16ea5a81d54965fb008f625d0c9724b5fcb40e5f4ef53c0c66
239,2024-04-26T09:00:00Z,1628.0,8980.0,65.49.1.74,10.138.69.97,443.0,US,"From United States, at 09:00:AM, accessed port 443.0, sent more data out than recieved",f014ac80527e8e29f19af99244c23577845ffebb9b4f8b51be7ffc263506ee63
240,2024-04-26T09:00:00Z,5518.0,12114.0,165.225.209.4,10.138.69.97,443.0,CA,"From Canada, at 09:00:AM, accessed port 443.0, sent more data out than recieved",a36e8e092c8ca35ca3b7b515417bc3af25c7dfcc0af5275e055a161eace80635
241,2024-04-26T09:00:00Z,3314.0,14998.0,65.49.1.69,10.138.69.97,443.0,US,"From United States, at 09:00:AM, accessed port 443.0, sent more data out than recieved",f014ac80527e8e29f19af99244c23577845ffebb9b4f8b51be7ffc263506ee63
242,2024-04-26T09:00:00Z,5342.0,11674.0,147.161.131.1,10.138.69.97,443.0,AT,"From Austria, at 09:00:AM, accessed port 443.0, sent more data out than recieved",fb53c3361d4d48034d5c581b5e9ef2dcf23d84ca961c18a21e24ab081bf86d6b
243,2024-04-26T09:20:00Z,6486.0,4458.0,147.161.161.82,10.138.69.97,443.0,AE,"From United Arab Emirates, at 09:20:AM, accessed port 443.0, recieved more data in than sent out",5cc8599c9b05c014fed5f2e261cbb8f9db466e9e7877d85757f8c3df051967b8
244,2024-04-26T09:20:00Z,24506.0,34772.0,136.226.67.101,10.138.69.97,443.0,US,"From United States, at 09:20:AM, accessed port 443.0, sent more data out than recieved",9bf273d9d04f930dc9174eb36466285264ecc9739c5501f6efd07174b3b6db56
245,2024-04-26T09:20:00Z,1942449.0,49030.0,165.225.240.79,10.138.69.97,443.0,NL,"From Netherlands, at 09:20:AM, accessed port 443.0, recieved more data in than sent out",40887f2b174ba7585aaf418f16e577cca61c156bdbcb28e808eb50227e077419
246,2024-04-26T09:20:00Z,3976.0,11176.0,94.188.248.74,10.138.69.97,443.0,IL,"From Israel, at 09:20:AM, accessed port 443.0, sent more data out than recieved",b85eb1738fd8b51a4eb3d9c7978ec86c368c6720ed7d2f0bc8b457271ec64d26
247,2024-04-26T09:20:00Z,10162.0,23142.0,165.225.26.101,10.138.69.97,443.0,DE,"From Germany, at 09:20:AM, accessed port 443.0, sent more data out than recieved",635f7091a108d44345d4005d9b258033cc83931c17b241aab13c61ce12e34091
248,2024-04-26T09:20:00Z,18231909.0,1116695.0,155.91.45.242,10.138.69.97,443.0,US,"From United States, at 09:20:AM, accessed port 443.0, recieved more data in than sent out",b9e96b75d133f7312301eba49b8617929fc0f7d5a0560129fb46e507f78d9e8e
249,2024-04-26T09:20:00Z,22070.0,23511.0,165.225.209.4,10.138.69.97,443.0,CA,"From Canada, at 09:20:AM, accessed port 443.0, sent more data out than recieved",e76649d0f11cdc85c2ac3e9799c13991fcc80c562c57c34ed33f95339741e512
250,2024-04-26T09:20:00Z,10222.0,15024.0,147.161.131.1,10.138.69.97,443.0,AT,"From Austria, at 09:20:AM, accessed port 443.0, sent more data out than recieved",0c0937983bbc12c3776e1fc05522aa1ea775381e89c5819e3d4b1f95cf09dd1d
251,2024-04-26T09:30:00Z,4392.0,11674.0,147.161.161.82,10.138.69.97,443.0,AE,"From United Arab Emirates, at 09:30:AM, accessed port 443.0, sent more data out than recieved",83cae79f61d0db221d0418ec34b3b63ea12aafc2f0b0ac2f2f802891f4b11237
252,2024-04-26T09:30:00Z,14150.0,26266.0,136.226.67.101,10.138.69.97,443.0,US,"From United States, at 09:30:AM, accessed port 443.0, sent more data out than recieved",1d02819f2694f3ba6769b5e4f7d3d53277a6a9c14a7b2a2afc5de33355bbfa84
253,2024-04-26T09:30:00Z,43550.0,13546.0,136.226.64.114,10.138.69.97,443.0,US,"From United States, at 09:30:AM, accessed port 443.0, recieved more data in than sent out",d88c8eef4b1769a8dc09665877200c8f1f39986cfcf5d7573139bd95f87e8635
254,2024-04-26T09:30:00Z,7474.0,14080.0,94.188.248.74,10.138.69.97,443.0,IL,"From Israel, at 09:30:AM, accessed port 443.0, sent more data out than recieved",1c47fe102de632a77073755d9ed26ccff242fbf268247769dd0524770861b145
255,2024-04-26T09:30:00Z,1248666.0,38254.0,165.225.240.79,10.138.69.97,443.0,NL,"From Netherlands, at 09:30:AM, accessed port 443.0, recieved more data in than sent out",3a32fa0db7c7ee1ebc39bb35f266fdce1cb36225fb4af0df6171940f3bc6957d
256,2024-04-26T09:30:00Z,9908.0,14552.0,165.225.26.101,10.138.69.97,443.0,DE,"From Germany, at 09:30:AM, accessed port 443.0, sent more data out than recieved",fd85bea8442507a2f9cc99ebeda1bdb4653364ccbbd829e4bfa865ea7dc1ffa4
257,2024-04-26T09:30:00Z,24326941.0,1529035.0,155.91.45.242,10.138.69.97,443.0,US,"From United States, at 09:30:AM, accessed port 443.0, recieved more data in than sent out",d88c8eef4b1769a8dc09665877200c8f1f39986cfcf5d7573139bd95f87e8635
258,2024-04-26T09:30:00Z,28062.0,52066.0,165.225.209.4,10.138.69.97,443.0,CA,"From Canada, at 09:30:AM, accessed port 443.0, sent more data out than recieved",c79a08ccf172363bf716475fd1a45ce200451ee15a1020ada497f5a946a166c9
259,2024-04-26T09:30:00Z,8928.0,5548.0,147.161.131.1,10.138.69.97,443.0,AT,"From Austria, at 09:30:AM, accessed port 443.0, recieved more data in than sent out",44a1916106ff35f25c566250193f1a6c87b1f1f35272704aeefbab5a966f3f8b
260,2024-04-26T09:40:00Z,5348.0,4296.0,147.161.161.82,10.138.69.97,443.0,AE,"From United Arab Emirates, at 09:40:AM, accessed port 443.0, recieved more data in than sent out",34c601a20f79d97ec95a24bb109496bf800f9d04c1a77157fab72d2da6ea21a7
261,2024-04-26T09:40:00Z,8052.0,13298.0,165.225.33.6,10.138.69.97,443.0,US,"From United States, at 09:40:AM, accessed port 443.0, sent more data out than recieved",d171d735290bfce6da14c857d233ec8b8dd0f8f8502dd85fa1d012d82ecfa311
262,2024-04-26T09:40:00Z,38524.0,42218.0,136.226.67.101,10.138.69.97,443.0,US,"From United States, at 09:40:AM, accessed port 443.0, sent more data out than recieved",d171d735290bfce6da14c857d233ec8b8dd0f8f8502dd85fa1d012d82ecfa311
263,2024-04-26T09:40:00Z,28400.0,13364.0,165.225.212.255,10.138.69.97,443.0,CA,"From Canada, at 09:40:AM, accessed port 443.0, recieved more data in than sent out",f9b374c3b875f429a18f9d9dae39df7c88e868f8e70f90a74f40a2d3d5694c7b
264,2024-04-26T09:40:00Z,2021960.0,78684.0,165.225.240.79,10.138.69.97,443.0,NL,"From Netherlands, at 09:40:AM, accessed port 443.0, recieved more data in than sent out",5efffd647b0b7f39b5d3a4c55ed97aa3382cb51f601e17a6794bc1a390847c35
265,2024-04-26T09:40:00Z,7382.0,4370.0,136.226.77.103,10.138.69.97,443.0,CA,"From Canada, at 09:40:AM, accessed port 443.0, recieved more data in than sent out",f9b374c3b875f429a18f9d9dae39df7c88e868f8e70f90a74f40a2d3d5694c7b
266,2024-04-26T09:40:00Z,9232.0,23036.0,165.225.26.101,10.138.69.97,443.0,DE,"From Germany, at 09:40:AM, accessed port 443.0, sent more data out than recieved",8dd2b432af05fc45d9a3ce6bb851e4fb1605789c6e7cb21e7836dc761db403a5
267,2024-04-26T09:40:00Z,25199191.0,1557598.0,155.91.45.242,10.138.69.97,443.0,US,"From United States, at 09:40:AM, accessed port 443.0, recieved more data in than sent out",31034ecfdbc7615693c7e3700f9930e701674b4c959f8c31a49d2e444cddebaa
268,2024-04-26T09:40:00Z,6216.0,13027.0,165.225.209.4,10.138.69.97,443.0,CA,"From Canada, at 09:40:AM, accessed port 443.0, sent more data out than recieved",0bcf13640a1fee6b5a0927c056682505397a816e7739d94481845d67d4b8732e
269,2024-04-26T09:40:00Z,3996.0,11674.0,147.161.131.1,10.138.69.97,443.0,AT,"From Austria, at 09:40:AM, accessed port 443.0, sent more data out than recieved",821dfaa0afb584f07f3c79d39fc9e815997e97c88de04063b0d62c26e79e7f3f
270,2024-04-26T09:40:00Z,4324.0,11778.0,136.226.80.97,10.138.69.97,443.0,US,"From United States, at 09:40:AM, accessed port 443.0, sent more data out than recieved",d171d735290bfce6da14c857d233ec8b8dd0f8f8502dd85fa1d012d82ecfa311
271,2024-04-26T09:50:00Z,21752.0,22356.0,136.226.67.101,10.138.69.97,443.0,US,"From United States, at 09:50:AM, accessed port 443.0, sent more data out than recieved",502aed0c09af250354647e3cbf5bda5da97b5654ffbe104f46f737419084eb49
272,2024-04-26T09:50:00Z,28988.0,15340.0,165.225.213.7,10.138.69.97,443.0,CA,"From Canada, at 09:50:AM, accessed port 443.0, recieved more data in than sent out",4388f414d9e4b7292db92101a8b977e2fa73c59da452efa3955261fdda969933
273,2024-04-26T09:50:00Z,30450.0,14276.0,136.226.64.114,10.138.69.97,443.0,US,"From United States, at 09:50:AM, accessed port 443.0, recieved more data in than sent out",855b288286fbb0cb62b3886ceb4ff25ac4c339ecab15c3062b6e1d29ad3e86ca
274,2024-04-26T09:50:00Z,3976.0,11178.0,94.188.248.74,10.138.69.97,443.0,IL,"From Israel, at 09:50:AM, accessed port 443.0, sent more data out than recieved",f40c4259b6c19795872a6acb958e0c856dd227090e202d93a3f68f33f8edfedf
275,2024-04-26T09:50:00Z,3782.0,11038.0,165.225.240.79,10.138.69.97,443.0,NL,"From Netherlands, at 09:50:AM, accessed port 443.0, sent more data out than recieved",bef340ad25932e5e9abe100040016572ac4bd936135fae08d36f336777ecc3c0
276,2024-04-26T09:50:00Z,40.0,264.0,192.241.205.18,10.138.69.97,443.0,US,"From United States, at 09:50:AM, accessed port 443.0, sent more data out than recieved",502aed0c09af250354647e3cbf5bda5da97b5654ffbe104f46f737419084eb49
277,2024-04-26T09:50:00Z,41336.0,13180.0,136.226.77.103,10.138.69.97,443.0,CA,"From Canada, at 09:50:AM, accessed port 443.0, recieved more data in than sent out",4388f414d9e4b7292db92101a8b977e2fa73c59da452efa3955261fdda969933
278,2024-04-26T09:50:00Z,3638.0,3190.0,165.225.26.101,10.138.69.97,443.0,DE,"From Germany, at 09:50:AM, accessed port 443.0, recieved more data in than sent out",3ebf46d5ebbfebc1d6bf80e906298fe642f0261721ee72825044a81b2656b110
279,2024-04-26T09:50:00Z,25207794.0,1561220.0,155.91.45.242,10.138.69.97,443.0,US,"From United States, at 09:50:AM, accessed port 443.0, recieved more data in than sent out",855b288286fbb0cb62b3886ceb4ff25ac4c339ecab15c3062b6e1d29ad3e86ca
280,2024-04-26T09:50:00Z,5736.0,12114.0,165.225.209.4,10.138.69.97,443.0,CA,"From Canada, at 09:50:AM, accessed port 443.0, sent more data out than recieved",c9fc3dd709287e66e10118eee7ebf5dfb4ab1e2141176e6584f5724ec0cf4e73
281,2024-04-26T09:50:00Z,9032.0,5862.0,147.161.131.1,10.138.69.97,443.0,AT,"From Austria, at 09:50:AM, accessed port 443.0, recieved more data in than sent out",958a98411a09a91a15cc5e1c71d097d9a71cebbed79f00ec4b6835ed1b3fbd60
